,,,,,
valeur_142,350g Mat Condat Périgord,350gr mate Condat Perigord,350g opaca Condat Périgord,350g Mate Condat Perigord,350gsm Silk Coated
valeur_143,350g Cyclus Print,350g Cyclus Print,350g Cyclus Print,350g Cyclus Print,350gsm Cyclus Print
valeur_145,250g Adhésif 170g + Support 80g,250g Adhesivo 170g + Soporte 80g,250g Adesiva 170g + Support 80g,250g Autocolante,250gsm - Adhesive 170gsm + Support 80gsm
valeur_146,280g Adhésif 80g + Support 200g,280g Adhesivo,280g Adesiva 80g + Supporto 200g,280g Autocolante,280gsm - Adhesive 80gsm + Support 200gsm
valeur_147,500µ PVC Blanc,PVC blanco,500µ PVC Bianco,500µ PVC branco,500µ White PVC
valeur_148,550µ PVC transparent,PVC transparente,550µ PVC trasparente,PVC transparente,550µ Transparent PVC
valeur_149,285g Curious Translucents,Curious Translúcido 230g,285g Curious Translucents,Curious Translucents 230g,230gsm Curious Translucent
valeur_150,320g Conqueror CX 22 Diamant recyclé,Conqueror CX 22 Diamante Reciclado,320g Conqueror CX 22 Diamant riciclata,Conqueror CX 22 Diamante Reciclado,320gsm Conqueror CX22 Diamond White Recycled
valeur_151,250g Rives Design Extra Blanc,Rives Design Extra Blanco,250g Rives Design Extra Bianco,Rives Design Extra Branco,250gsm Rives Tradition Bright White
valeur_152,300g Rives Vergé Blanc Glacier,300g Rives Verge Blanco Glacier,300g Rives Laid Brilliant White,Rives Vergé Branco Glaciar,300gsm Rives Laid Glacier White
valeur_153,250g Chromolux Or,Cromolux Oro,250g Chromolux Oro,Cromolux Ouro,250gsm Chromolux Gold
valeur_154,250g Chromolux Argent,Cromolux Plata,250g Chromolux Argento,Cromolux Prata,250gsm Chromolux Silver
valeur_155,250g Chromolux Chrome,Cromolux Cromo,250g Chromolux Chrome,Cromolux Cromo,250gsm Chromolux Chrome
valeur_222,80g Cyclus Offset,80g Cyclus Offset,80g Cyclus Offset,80g Cyclus Offset,80gsm Cyclus Offset
valeur_223,90g Offset,90g offset,90g Offset,90g Offset,90gsm Uncoated
valeur_224,115g Cyclus Print,115 Cyclus print,115g Cyclus Print,115 Cyclus Print,115gsm Cyclus Print
valeur_225,135g Couché Brillant,135g Estucado brillante,135g patinata lucida,135g Couché Brilho,135gsm Gloss Coated
valeur_226,140g Cyclus Offset,140g Cyclus offset,140g Cyclus Offset,140g Cyclus Offset,140gsm Cyclus Offset
valeur_227,170g Couché Brillant,170g Estucado brillante,170g patinata lucida,170g Couché Brilho,170gsm Gloss Coated
valeur_228,170g Couché Mat,170g Estucado mate,170g patinata opaca,170g Couché Mate,170gsm Silk Coated
valeur_229,250g Couché Recyclé,250g Estucado Reciclado,250g Patinata Riciclata,250g Cyclus Print,250gsm Coated Recycled
valeur_234,80g Cyclus Office,80g Cyclus office,80g Cyclus Office,80g Cyclus Office,80gsm Cyclus Office
valeur_235,90g Opale Recyclé,90g Offset reciclado,90g Opale riciclata,90g Offset Reciclado,90gsm Premium Smooth Recycled
valeur_236,90g Offset Laser,90g Offset láser,90g Offset Laser,90g Offset laser,90gsm Offset Laser
valeur_237,100g Opale,100g Opale,100g Opale,100g Opale,100gsm premium smooth
valeur_209,300g Couché Brillant,300gr. Estucado brillante,300g patinata lucida,300g Couché Brilho,300gsm Gloss Coated
valeur_279,150g CB + Carton Compact 18/10 ème,hoja 150g estucado brillante + cartón compact 18/10,150g patinata lucida + Cartone compatto 18/10,folha 150g couché brilho + cartão compact 18/10,150gsm Coated + 1800µ Carton Board
valeur_280,150g CM + Carton Compact 18/10 ème,hoja 150g estucado mate + cartón compact 18/10,150g patinata opaca + Cartone compatto 18/10,folha 150g couché mate + cartão compact 18/10,Matt varnish
valeur_311,100µ Vinyle Blanc,Vinilo blanco,100µ Vinile bianco,Vinil branco,100µ White Vinyl
valeur_312,100µ Vinyle Transparent,Vinilo transparente,100µ vinile trasparente,Vinil transparente,100µ Transparent Vinyl
valeur_316,235g Vinyle Oracal Blanc,Vinilo oracal 235gr transparente,235g Vinile Oracal Bianco,Vinil oracal 235g transparente,235gsm White Oracal Vinyl
valeur_317,235g Vinyle Oracal Transparent,Vinilo oracal 235gr transparente,235g Vinile Oracal Trasparente,Vinil oracal 235g transparente,235gsm Oracal Transparent Vinyl
valeur_292,250g Tissu Polyester Ignifugé M1,Tejido poliéster 270g ignifugado M1,250g Tessuto Poliestere ignifugo M1,Tecido poliéster 270g Anti-fogo M!,250gsm Polyester Fabric - Fire retardent M1
valeur_301,"Aluminium 1,5 mm",Aluminio,Alluminio,Alumínio,Aluminium
valeur_302,210g Tissu Polytrapièze Ignifugé M1,tejido 210g M1 reciclable,210g tessuto ignifugo M1,tecido 210g M1 reciclável,270gsm Polyester Fabric M1
valeur_303,180g Encapsulé,180g encapsulado,180g incapsulato,180g encapsulado,180gsm Encapsulated
valeur_304,180g Plastifié 75 µ Satiné,180g plastificado 75 micrones satinado,180g plastificato 75 µ satinato,180g plastificação 75 micron acetinado,180gsm laminated 75µ Satin
valeur_305,250g Rives Tradition Extra Blanc,Rives Tradition Extra Blanco,250g Rives Tradition Extra Blanc,Rives Tradition Extra Branco,250gsm Rives Tradition Bright White
valeur_306,150g CB + Carton Compact 15/10 ème,estucado brillante 150 gr + cartón 15/10º,150g patinata lucida + Cartone compatto 15/10,couché brilho 150 gr + cartão 15/10º,Aluminium
valeur_308,80g Adhésif Satin avec Refente,80 gr estucado satinado con vuelta,80g Adhésif Satin avec Refente,80 gr couché acetinado com verso,80gsm Adhesive Satin with Slitting
valeur_360,90g Offset Recyclé Erapure,90g Offset reciclado Era pure,90g Offset riciclata Erapure,90g Offset reciclado Era pure,90g Offset Erapure Recycled
valeur_361,90g Kraft Brun,90 Kraft,90g Kraft,90 Kraft,90g Brown Kraft
valeur_419,135g Demi Mat,135gr. semi-mate,135g Semi Opaca,135g Semi-mate,135gsm Silk Coated
valeur_420,120g Mat Inifugé M1,120g Ignifugado M1,120g Opaco Ignifugo M1,120g Anti-fogo M1,120gsm Matt fire-retardent M1
valeur_421,120g Mat REH,120g Mat REH,120g Opaco REH,120g Mat REH,120gsm Matt Water resistant
valeur_422,Verre Acrylique 5 mm,placa de vidrio acrílico 5mm,Vetro Acrilico 5 mm,placa de vidro acrílico 5mm,Acrylic glass 5mm
valeur_426,Aluminium Anodisé 2 mm,Placa de aluminio anodizado,Alluminio anodizzato 2 mm,Placa de alumínio anodizado,Anodised Aluminium 2mm
valeur_427,Aluminium Brillant 2 mm,Placa de aluminio brillante,Alluminio Lucido 2 mm,Placa de alumínio brilhante,2mm Gloss Aluminium
valeur_428,Toile de Peintre,Lienzo de tela,Tela del pittore,Quadro de tela,Canvas prints
valeur_431,"Akylux 3,5 mm","Akylux espesor 3,5mm","Akylux 3,5 mm","Akylux espessura 3,5mm","Akylux 3,5mm"
valeur_474,80g Offset Repositionnable Blanc,80g offset reposicionable blanco,80g Offset Riposizionabile Bianco,80g offset branco reposicionável,80gsm White Repositionable Offset
valeur_478,80g Offset Repositionnable Jaune,80g offset reposicionable amarillo,80g Offset Riposizionabile Giallo,80g offset amarelo reposicionável,80gsm Yellow Repositionable Offset
valeur_481,Polypropylene 8/10° Blanc,Polipropileno 8/10º blanco,Polipropilene 8/10° Bianco,Polipropileno 8/10º branco,1800µ Polypropylene
valeur_482,Polypropylene 8/10° Transparent,Polipropileno 8/10º transparente,Polipropilene 8/10° Trasparente,Polipropileno 8/10º transparente,1800µ Polypropylene
valeur_436,Dibond 3 mm,Dibond espesor 3mm,Dibond 3 mm,Dibond espessura 3mm,Dibond 3mm
valeur_413,130g Cyclus Print,130g Cyclus Print,130g Cyclus Print,130g Cyclus Print,130gsm Cyclus Print
valeur_499,80g Offset Laser,80g Offset Laser,80g Offset Laser,80g Offset Laser,80gsm Offset Laser
valeur_502,380g Couché Mat,380g Estucado Mate,380g Patinata Opaca,380g Couché Mate,380gsm Silk coated
valeur_507,110g Maille bloquée Ignifugé M1,115g Tela bloqueada Ignífuga M1,tessuto 115g ignifugo M1,115g Tela bloqueada Anti-fogo M1,380gsm Silk coated
valeur_508,250g Satin Ignifugé M1,250g Satinado Ignífugo M1,250g satinata Ignifuga M1,250g Acetinado Anti-fogo M1,250gsm Satin - Fire retardent M1
valeur_509,200g Satin,200g Satinado,200g Satinata,200g Acetinado,200gsm satin
valeur_510,200g Satin Encapsulé,200g Satinado Encapsulado,200g Satin Encapsulé,200g Acetinado Encapsulado,200gsm Encapsulated Satin
valeur_543,250g Couché Brillant UV,250g Estucado Brillante UV,250g Patinata Lucida,250g Couché brilho,250gsm Gloss UV Coated
valeur_544,550g Bâche PVC,550g Lona PVC,550g Banner PVC,550g Lona PVC,550gsm PVC Banner
valeur_545,420g Bâche PVC M1,550g Lona PVC M1,420g Banner PVC M1,550g Lona PVC M1,420gsm PVC Banner - Fire retardent M1
valeur_554,150µ One Way Vision Microperforé,150µ One Way Vision Microperforado,150µ One Way Vision Microperforato,150µ One Way Vision Microperfurado,150µ One Way Vision Microperforated
valeur_555,250µ Vinyle Blanc SolGraphic,250µ Vinilo Blanco SolGraphic,250µ Vinyle Blanc SolGraphic,250µ Vinilo Branco SolGraphic,650gsm PVC Fire retardant banner
valeur_562,100µ Vinyle Transparent pour tranfsert,100µ Vinilo Transparente para tranfser,100µ Vinile Trasparente per tranfsert,100µ Vinil Transparente para tranfser,100µ Transparent Vinyl for tranfser
valeur_569,Doming,Doming,Doming,Autocolante resina,Doming
valeur_570,172µ Adhésif Avery 62µ + Support 110µ,172µ Adhesivo Avery 62µ + Soporte 110µ,172µ Adhésif Avery 62µ + Support 110µ,172µ Autocolante Avery 62µ + Suporte 110µ,172µ Avery Adhesive 62µ + Support 110µ
valeur_571,60g Celibio Biodégradable Blanc,\t \t \t 60g Celibio Biodegradable Blanco,60g Celibio Biodegradabile Bianca,60g Celibio Biodegradável Branco,60gsm Celibio white biodegradable
valeur_572,17g Ouate nature recyclée,17g Guata natural reciclada,17g Ouate nature recyclée,17g Guata natural reciclada,17gsm natural recycled
valeur_574,60g Celibio Biodégradable Couleur,\t \t \t 60g Celibio Biodegradable Color,60g Celibio Biodégradable Couleur,60g Celibio Biodegradável Cor,60g Celibio Biodegradable (Colour)
valeur_581,120g Papier Offset,120g Offset FSC,120g Carta Offset,120g Offset FSC,120gsm Uncoated Paper
valeur_589,120g Offset Laser,120g Offset Laser,120g Offset Laser,120g Offset Laser,120gsm Offset Laser
valeur_592,Magnet,Imán,Magnete,Iman,Magnet
valeur_593,200g Synthétique,200g Sintético,200g Sintetico,200g Sintético,Synthetic 200gsm
valeur_594,Ruban 2 cm tissu polyester,Cinta 2 cm tejido adhesivo,Nastro 2 cm tessuto poliestere,Fita 2 cm tecido autocolante,20mm polyester fabric
valeur_595,Gobelet 33cl Blanc translucide,Vaso de plástico 33cl Blanco Translúcido,Bicchiere 33cl Bianco traslucido,Copo de plástico 33cl Branco Translúcido,33cl White translucent Cup
valeur_596,115g Demi mat,115g semi-mate,115g Semi opaca,115g Semi-mate,115gsm Silk Coated
valeur_598,100g Kraft Brun,100g Kraft Marrón,100g Kraft Marrone,100g Kraft Castanho,100gsm Brown Kraft
valeur_599,100g Kraft Blanc,100g Kraft Blanco,100g Kraft Bianco,100g Kraft Branco,100gsm White Kraft
valeur_600,110g Kraft Brun,110g Kraft Marrón,110g Kraft Marrone,110g Kraft Castanho,110gsm Brown Kraft
valeur_601,110g Kraft Blanc,110g Kraft Blanco,110g Kraft Bianco,110g Kraft Branco,110gsm White Kraft
valeur_602,120g Kraft Brun,120g Kraft Marrón,120g Kraft Marrone,120g Kraft Castanho,120gsm Brown Kraft
valeur_603,120g Kraft Blanc,120g Kraft Blanco,120g Kraft Bianco,120g Kraft Branco,120gsm White Kraft
valeur_607,140g Tissu Stretch ignifugé M1,140g Tejido Stretch ignifugado M1,140g Tessuto Stretch ignifugo M1,140g Tecido Stretch anti-fogo M1,140gsm Stretch Fabric - Fire retardent M1
valeur_608,117g Maille bloquée Ignifugé M1,117g Malla bloqueada ignífuga M1,117g Maille bloquée Ignifugé M1,117g malha bloqueada anti-fogo M1,117gsm blocked link - Fire retardent M1
valeur_609,260g Tissu Polytrapièze Ignifugé M1,260g Lona Poliéster Ignífuga M1,260g tessuto ignifugo M1,260g Lona Poliester Anti-fogo M1,110gsm Brown Kraft
valeur_648,200g Couché Brillant,200g Estucado Brillante,200g Patinata Lucida,200g Couché Brilho,200gsm Gloss Coated
valeur_649,Polypropylene 8/10° Opaline,Polypropylene 8/10° Opaline,Polipropilene 8/10° Opaline,Polipropileno 8/10° Opaline,
valeur_656,250g Eco Recyclé,250g Eco Reciclado,250g Eco Riciclata,250g Eco Reciclado,250gsm Eco Recycled
valeur_658,115g Couché Brillant,115g Estucado Brillante,115g Patinata Lucida,115g Couché Brilho,115gsm Gloss Coated
valeur_659,150g Couché Brillant,150g Estucado Brillante,150g patinata lucida,150g Couché Brilho,150gsm Gloss Coated
valeur_660,150g Demi Mat,150gr. semi-mate,150g semi-opaca,150g Semi-mate,150gsm Silk Coated
valeur_664,90g Couché Brillant,90g Estucado Brillante,90g Patinata Lucida,90g Couché Brilho,90gsm Gloss Coated
valeur_665,90g Demi Mat,90g Semi Mate,90g Semi Opaco,90g Semi-mate,90gsm Silk Coated
valeur_666,80g Offset,80g Offset,80g Offset,80g Offset,80gsm Uncoated
valeur_668,120g Offset blanc,120g Offset blanco,120g Offset bianco,120g Offset branco,120gsm White uncoated
valeur_669,90g Offset Fluo Vert,90g Offset Fluo Verde,90g Offset Verde Fosforescente,90g Offset Fluo Verde,90gsm Uncoated Fluorescent Green
valeur_670,90g Offset Fluo Jaune,90g Offset Fluo Amarillo,90g Offset Giallo Fosforescente,90g Offset Fluo Amarelo,90gsm Uncoated Fluorescent Yellow
valeur_671,90g Offset Fluo Orange,90g Offset Fluo Naranja,90g Offset Arancione Fosforescente,90g Offset Fluo Laranja,90gsm Uncoated Fluorescent Orange
valeur_672,115g Offset Dos Bleu,115g Offset Dorso Azul,115g Offset Dorso Blu,115g Offset Verso Azul,115gsm Offset Blue Back
valeur_673,350g Couché Brillant,350g Estucado Brillante,350 Patinata Lucida,350g Couché Brilho,350gsm Gloss Coated
valeur_674,100g Offset Velin Blanc Iceberg,100g Blanco Extremo,100g Offset Velin Blanc Iceberg,100g Branco Extremo,90gsm Uncoated Fluorescent Yellow
valeur_675,120g Offset Velin Blanc,\t 120g Blanco Extremo,120g Offset Velin Blanc,120g Branco Extremo,90gsm Uncoated Fluorescent Yellow
valeur_831,Vinyle dépoli,Vinilo mate,Vinyle dépoli,Vinil translúcido,Frosted Vinyl
valeur_835,100g Couché Brillant Recyclé,100% Estucado Brillante reciclado,100g Patinata Lucida Reciclata,100% Couché Brilho reciclado,100gsm Gloss Coated Recycled
valeur_836,750 PVC Blanc,750 PVC Blanco,750 PVC Bianco,750 PVC Branco,750 White PVC
valeur_837,175g Manager,175g Manager,175g Manager,175g Manager,175g Manager
valeur_930,300g Demi Mat,300g Semi Mate,300g Semi Opaca,300g Semi-mate,300gsm Silk Coated
valeur_932,250g Couché Mat,250g Estucado Mate,250g Patinata Opaca,250g Couché Mate,250gsm Silk Coated
valeur_933,170g Cyclus Print,170g Cyclus Print,170g Cyclus Print,170g Cyclus Print,170gsm Cyclus Print
valeur_934,300g Offset Blanc,300g Offset Blanco,300g Offset Bianco,300g Offset Branco,300gsm White uncoated
valeur_935,135g Couché Brillant - P,135g Estucado Brillante- P,135g Patinata Lucida - P,135g Couché Brilho - P,
valeur_937,300g Demi Mat,300g Semi Mate,300g Semi Opaca,300g Semi-mate,300gsm Silk Coated
valeur_939,150g Couché Recyclé,150g Estucado Reciclado,150g patinata riciclata,150g Couché Reciclado,150gsm Coated Recycled
valeur_940,160g Cyclus Offset,160g Cyclus Offset,160g Cyclus Offset,160g Cyclus Offset,160gsm Cyclus Offset
valeur_941,200g Demi Mat,200g Semi Mate,200g Semi Opaca,200g Semi-mate,200gsm Silk Coated
valeur_942,60g autocopiant - feuillet 1,60g autocopiativo - hoja 1,60g autocopiante - foglietto 1,60g Autocopiativo - folha 1,60gsm NCR Paper - Top sheet
valeur_943,170g Couché Recyclé,170g Estucado Reciclado,170g Patinata Reciclata,170g Couché Reciclado,170gsm Coated Recycled
valeur_944,90g Couché Recyclé,90g Estucado Reciclado,90g Patinata Reciclata,90g Couché Reciclado,90gsm Coated Recycled
valeur_945,250g Demi Mat,250g Semi Mate,250g Semi Opaca,250g Semi-mate,250gsm Silk Coated
valeur_947,80g autocopiant - feuillet 1,80g autocopiativo-hoja 1,80g autocopiante - foglietto 1,80g Autocopiativo-folha 1,80gsm NCR Paper - Top Sheet
valeur_948,300g Cyclus Print,300g Cyclus Print,300g Cyclus Print,300g Cyclus Print,300gsm Cyclus Print
valeur_949,90g Cyclus Print,90g Cyclus Print,90g Cyclus Print,90g Cyclus Print,90gsm Cyclus Print
valeur_950,100g Demi Mat,100g Semi Mate,100g Semi Opaca,100g Semi-mate,100gsm Silk Coated
valeur_951,140g Offset,140g Offset,140g Offset,140g Offset,140gsm Uncoated
valeur_952,150g Offset,150g Offset,150g Offset,150g Offset,150gsm Uncoated
valeur_953,250g Demi Mat,250g Semi Mate,250g Semi Opaca,250g Semi-mate,250gsm Silk Coated
valeur_954,100g Offset,100gr. Offset,100g Offset,100g Offset,100gsm Uncoated
valeur_956,270g Cyclus Offset,270g Cyclus Offset,270g Cyclus Offset,270g Cyclus Offset,270gsm Cyclus Offset
valeur_958,135g Offset,135g Offset,135g Offset,135g Offset,135gsm Uncoated
valeur_965,100g Couché Brillant,100g Estucado Brillante,100g Patinata Lucida,100g Couché Brilho,100gsm Gloss Coated
valeur_973,120g Mat REH Dos Bleu,120g Mate REH Dorso Azul,120g Mat REH Dos Bleu,120g Mate REH Verso Azul,120gsm Matt Water resistant Blue Back
valeur_976,120g Demi Mat,120g Semi Mate,120g Semi Opaca,120g Semi-mate,120gsm Silk Coated
valeur_979,200g Offset Recyclé,200g Offset Reciclado,200g Offset Reciclato,200g Offset Reciclado,200gsm Offset Recycled
valeur_985,115g Offset Recyclé,115g Offset Reciclado,115g Offset Reciclato,115g Offset Reciclado,115gsm Offset Recycled
valeur_1000,690g Kapatex,690g Kapatex,690g Kapatex,690g Kapatex,690g Kapatex
valeur_1002,170g Satiné,170g Satinado,170g Satinata,170g Acetinado,170gsm satin
valeur_1004,110g Kraft Rouge,110g Kraft Rojo,110g Kraft rosso,110g Kraft Vermelho,110gsm Red Kraft
valeur_1005,110g Kraft Noir,110g Kraft Negro,110g Kraft nero,110g Kraft Preto,110gsm Black Kraft
valeur_1020,130g Kraft Armé,130g Kraft Arme,130g Kraft Armé,130g Kraft Arme,130gsm Reinforced Kraft
valeur_1022,350g offset,350g offset,350g offset,350g offset,350gsm Uncoated
valeur_1025,80 gm Demi Mat,80g Semi Mate,80g semi opaca,80g Semi-Mate,80gsm Silk
valeur_1029,100g Offset recyclé,100 g Offeset reciclado,100g Offset riciclata,100 g Offset reciclado,100gsm Recycled Offset
valeur_1031,160g Offset Recyclé,160g Offset Reciclado,160g Offset riciclata,160g Offset Reciclado,160gsm Recycled Offset
valeur_1041,80 g couché brillant,80 EB,80g patinata lucida,80g couché brilho,80gsm gloss coated
valeur_1045,200 g mat,200g mat,200g opaca,200g mate,200gsm matt
valeur_1047,90g Extra Strong Laser,90g Extra Strong Laser,90g Extra Strong Laser,90g Extra Strong Laser,90gsm Extra Strong Laser
valeur_1050,100g offset,100gr. Offset,100g offset,100g Offset,100gsm Uncoated
valeur_1052,80 g cyclus print,80g Cyclus Print,80g cyclus print,80g Cyclus Print,80gsm Cyclus Print
valeur_1054,100g Couché Brillant P,100g Estucado Brillante P,100g patinata lucida P,100g Couché Brilho P,100gsm gloss coated P
valeur_1055,120g Couché Brillant P,120g Estucado Brillante P,120g patinata lucida P,120g Couché Brilho P,120gsm gloss coated P
valeur_1056,115g Couché Brillant P,115g Estucado Brillante P,115g patinata lucida P,115g Couché Brilho P,115gsm gloss coated P
valeur_1060,170g offset,170g Offset,170g offset,170g Offset,170gsm Uncoated
valeur_1062,110g Offset Recyclé,110g Offset Reciclado,110g Offset riciclata,110g Offset Reciclado,110gsm Recycled Offset
valeur_1064,200g Offset,200g Offset,200g Offset,200g Offset,200gsm Uncoated
valeur_1067,250g Offset,250g Offset,250 offset,250g Offset,250gsm Uncoated
valeur_1068,225g Couché Demi-Mat,225g Estucado Semi-Mate,225g patinata semi-opaca,225g Couché Semi-Mate,225gsm Silk Coated
valeur_1074,100g Couché Brillant,100g Estucado Brillante,100g patinata lucida,100g Couché Brilho,100gsm Gloss Coated
valeur_1075,150g Cyclus Print,150g Cyclus Print,150g Cyclus Print,150g Cyclus Print,150gsm Cyclus Print
valeur_1076,90g opale,90g Opale,90g opale,90g Opale,90gsm Premium Smooth
valeur_1080,160g Offset blanc,160g offset blanco,160g Offset,160g Offset,160gsm Uncoated
valeur_1085,90g Offset recyclé,90g Offset Reciclado,90g Offset riciclata,90g Offset Reciclado,90gsm Recycled Offset
valeur_1086,115g REH DOS BLEU,115g REH DORSO AZUL,115g REH DOS BLEU,115g REH VERSO AZUL,115g WATER RESISTANT - BLUE BACK
valeur_1087,200g Cyclus Print,200g Cyclus Print,200g Cyclus Print,200g Cyclus Print,200gsm Cyclus Print
valeur_617,Dupli - CB Blanc 80g / CF Blanc 170g,Dupli - EB Blanco 80g / CF Blanco 170g,Dupli - CB Blanc 80g / CF Blanc 170g,Duplo - CB Branco 80g / CF Branco 170g,Duplicate: 80gsm Top White / 170gsm Bottom White
valeur_618,Dupli - CB Blanc 62g / CF Jaune 62g,Dupli - EB Blanco 62g / CF Amarillo 62g,Dupli - CB bianco 62g / CF giallo 62g,Duplo - CB Branco 62g / CF Amarelo 62g,Duplicate - 60gsm White / 60gsm Yellow
valeur_619,Tripli - CB Blanc 80g / CFB Blanc 60g / CF Blanc 170g,Tripli - EB Blanco 80g / CFB Blanco 60g / CF Blanco 170g,Tripli - CB Blanc 80g / CFB Blanc 60g / CF Blanc 170g,Triplo - CB Branco 80g / CFB Branco 60g / CF Branco 170g,Triplicate - 80gsm Top White / 60gsm Middle White / 170gsm Bottom White
valeur_620,Tripli - CB Blanc 62g / CFB Rose 62g / CF Jaune 62g,Tripli - EB Blanco 62g / CFB Rosa 60g / CF Amarillo 62g,Tripli - CB bianco 62g / CFB rosa 62g / CF giallo 62g,Triplo - CB Branco 62g / CFB Rosa 62g / CF Amarelo 62g,Triplicate - 60gsm White / 60gsm Pink / 60gsm Yellow
valeur_677,480g Invercote 280g + Condat silk 200 g,480g Invercote 280g + Condat silk 200 g,480g Invercote 280g + Condat silk 200 g,480g Invercote 280g + Condat silk 200g,480gsm invercote 280gsm + Silk Coated 200gsm
valeur_735,450g Synaps OM,450g Synaps OM,450g Synaps OM,450g Synaps OM,450gsm Synaps OM
valeur_797,Sans,Sin,Senza,Sem,No
valeur_1126,250g offset recyclé,250g offset reciclado,250g offset riciclata,250 Offset Reciclado,250gsm uncoated recycled
valeur_1130,160g Couché Demi Mat,160g Estucado semi mate,160g patinata semi opaca,160g Couché Semi-Mate,160gsm Silk Coated
valeur_1134,250g Mat Inifugé M1,250g Mate Inífugo M1,250g opaca ignifuga M1,250g Mate Anti-fogo M1,250gsm Matt fire-retardent M1
valeur_1137,260g Tissu Polyester ignifugé M1,260g Tela Poliester ignifuga M1,260g tessuto poliestere ignifugo M1,260g Tela Polyester anti-fogo M1,260g Polyester Fabric - fire retardent M1
valeur_1139,130g satiné,130g satinado,130g satinata,130g acetinado,130gsm silk
valeur_1141,300g satiné,300g satinado,300g satinata,300g acetinado,300gsm satin
valeur_1159,130g Mat Blanc M1,130g Mate Blanco M1,130g bianca opaca M1,130g Mate Branco M1,130g White Matt M1
valeur_1164,80g opale,80g opale,80g opale,80g Opale,80gsm Premium Smooth
valeur_1179,290g Fedrigoni Sirio Color Lampone,290g Fedrigoni Sirio Color Lampone,290g Fedrigoni Sirio Color Lampone,290g Fedrigoni Sirio Cor Lampone,290gsm Fedrigoni Sirio Color Lampone
valeur_1180,290g Fedrigoni Sirio Color Nero,290g Fedrigoni Sirio Color Negro,290g Fedrigoni Sirio Color Nero,290g Fedrigoni Sirio Cor Preta,290gsm Fedrigoni Sirio Color Nero
valeur_1197,100g velin blanc,100g velin blanco,100 g velin blanc,100g Velin branco,100gsm white velin
valeur_1198,300g Invercote Carte couchée 1 face,300g Invercote Tarjeta estucada 1 cara,300g Inverkote Carta patinata 1 lato,300g Invercote Cartão couché 1 face,300gsm Invercote Card - single side coated
valeur_1203,90g Kraft Blanc,90g Kraft Blanco,90g Kraft bianca,90g Kraft Branco,90gsm White Kraft
valeur_1204,135g Mat Dos Bleu,135g Mate dorso azul,135g opaca dorso blu,135g Mate verso azul,135gsm Matt Blue Back
valeur_1205,120g Jaune Fluo,120g amarillo fluor,120g giallo fluo,120g amarelo flurescente,120gsm Fluorescent Yellow
valeur_1206,150g Backlit Satin Blanc,150g Backlit Satin Blanco,150g Backlit satinata bianca,150g Backlit Satin Branco,150gsm Backlit White Satin
valeur_1207,210µ Photo Brillant Blanc,210µ Photo Brillante Blanco,210µ Photo lucida bianca,210µ Photo Brilho Branco,210µ Photo White Gloss
valeur_1208,150µ Film Backlit Polyester,150µ film Backlit polyester,150µ Film Backlit Poliestere,150µ Film Backlit Polyester,Backlit polyester 150µ
valeur_1209,100µ Vinyle Blanc Promo,100µ Vinilo Blanco Promo,100µ Vinile bianco promo,100µ Vinil Branco Promo,100µ white vinyl promo
valeur_1210,100µ Vinyle Blanc Pose Facile,100µ Vinilo Blanco Puesta fácil,100µ PVC adesivo bianco Easy Apply,100µ Vinil Branco Colocação fácil,100µ White Vinyl - easy application
valeur_1211,80µ Vinyle Blanc Latex Ecolo,80µ Vinilo Blanco Latex Ecolo.,80µ PVC adesivo bianco Latex Eco,80µ Vinil Branco Latex Ecol.,80µ Eco Latex White Vinyl
valeur_1212,150µ Vinyle blanc QuickMount enlevable,150µ Vinilo blanco QuickMount extraíble,150µ Vinile bianco QuickMount rimovibile,150µ Vinil branco QuickMount extraível,150µ White removable QuickMount vinyl
valeur_1214,72µ Vinyle Covering Coulé,72µ Vinilo Covering Coulé,72µ PVC adesivo coprente,72µ Vinil Covering Coulé,Maximo
valeur_1215,450g Bâche ECO,450g Lona ECO,450g Banner SOLLECO,450g Lona ECO,450gsm Large format Eco banners
valeur_1216,260g Tissu Capotoile Ecolo,260g Tela Capotoile Eco.,260g Tessuto Capotoile Ecolo,260g Tecido Capotoile Eco.,260gsm fabric capoToile® Eco Banner
valeur_1217,260g Tissu Capotoile Ecolo Ignifugé M1,260g Tela Capotoile Eco. Ignifuga M1,260g Tessuto Eco Ignifugo M1,260g Tecido Capotoile Eco. Anti-fogo M1,260gsm fabric capoToile® Eco Banner - Fire retardent M1
valeur_1218,Forex 4 mm,Forex 4 mm,Forex 4 mm,Forex 4 mm,Forex 4mm
valeur_1219,170µ One Way Micro Perforé pour intérieur,170µ One Way Micro Perforado para interior,170µ One Way Micro forata per interni,170µ One Way Micro-Perfurado para interior,170µ One Way Microperforated (inside use)
valeur_1220,300µ Film Polypropylène Magnet SticK,300µ Film Polopropileno Magnet SticK,300µ Film polipropilene Magnet Stick,300µ Film Polipropileno Magnet SticK,300µ Polypropylene Film Magnet SticK
valeur_1224,300 Cyclus Print,300 Cyclus Print,300 Cyclus Print,300g Cyclus Print,300 Cyclus Print
valeur_1227,250 couché brillant,250 estucado brillante,250g patinata lucida,250g couché brilho,250 gloss coated
valeur_1228,350g Demi Mat,350g semi mate,350g semi opaca,350g Semi-mate,350gsm Silk
valeur_1237,150 mat,150 mate,150g Opaca,150 mate,150gsm matt
valeur_1242,270 g offset,270 gr offset,270g offset,270 gr offset,270gsm uncoated
valeur_1243,135 Couché Mat,135 gr Estucado Mate,135g patinata opaca,135g Couché Mate,135 Matt Coated
valeur_1244,115 Couché Mat,115 gr Estucado Mate,115g patinata opaca,115 Couché Mate,115 Matt Coated
valeur_1248,170g offset recyclé,170 gr offset reciclado,170g offset riciclata,170g offset reciclado,170gsm uncoated recycled
valeur_1108,690g Kapatex lisse,690g Kapatex liso,690g Kapatex liscio,690g Kapatex liso,Smooth 690g Kapatex
valeur_1109,300g Offset Recyclé,300g Offset Reciclado,300g Offset riciclata,300g Offset Reciclado,300gsm Recycled Offset
valeur_1115,115g offset,115g Offset,115g offset,115g Offset,115gsm uncoated
valeur_1185,350g Métallisé Or,350g Metalizado dorado,350g Metallizzata Oro,350g Metalizado dourado,350gsm Metallic Gold
valeur_1186,350g Métallisé Argent,350g Metalizado Plata,350g Metallizzata Argent,350g Metalizado Prata,350gsm Metallic Silver
valeur_1189,300g Fedrigoni Sirio Pearl Aurum,300g Fedrigoni Sirio Pearl Dorado,300g Fedrigoni Sirio Pearl Aurum,300g Fedrigoni Sírio Pearl Dourado,300gsm Fedrigoni Sirio Pearl Aurum
valeur_1190,300g Fedrigoni Sirio Pearl Platinium,300g Fedrigoni Sirio Pearl Platino,300g Fedrigoni Sirio Pearl Platinium,300g Fedrigoni Sirio Pearl Platino,300gsm Fedrigoni Sirio Pearl Platinium
valeur_1191,120g Offset Velin Blanc Supérieur,120g Offset Velin Blanco Superior,120g Offset Velin Blanc Supérieur,120g Offset Velin Branco Superior,120gsm Offset Velin Superior White
valeur_1192,175µ PET transparent brillant,175µ PET transparente brillante,175µ PET trasparente lucida,175µ PET transparente brilho,175µ PET gloss transparent
valeur_1276,90 g Cyclus Office,90 g Cyclus Office,90g Cyclus Office,90 g Cyclus Office,90gsm Cyclus Office
valeur_1279,400 g demi-mat,400 g semi-mate,400g semi-opaca,400g semi-mate,400gsm Silk
valeur_1288,350g Carte Couchée,350g Tarjeta Estucada,350g patinata,350g Cartão Couché,350gsm Coated
valeur_1289,160 Offset Laser,160 Offset Laser,160g Offset Laser,160 Offset Laser,160 Offset Laser
valeur_1295,90 g offset velin blanc P,90 g offset velin blanco,Acrilico satinato,90 g offset velin branco,
valeur_1329,Doming avec colle Ultra Forte,Doming con cola Extra Fuerte,Etichette resinate con colla ultra forte,Autocolante em gota de resina com cola Ultra Forte,Doming with ultra strong adhesive
valeur_1331,250g Dossier satiné Bleu,250g Dosier satinado Azul,250g Dossier satinato blu,250g Capa Azul Acetinada,250gsm Blue Satin Folder
valeur_1332,250g Dossier Satiné Vert,250g Dosier satinado verde,250g Dossier Satinato verde,250g Capa Verde Acetinada,250gsm Green Satin File
valeur_1333,250g Dossier Satiné Orange,250g Dosier satinado naranja,250g Dossier Satinato Arancione,250g Capa Laranja Acetinada,250gsm Orange Satin Folder
valeur_1334,250g Dossier Satiné Rose,250g Dosier satinado rosa,250g Dossier Satinato Rosa,250g Capa Cor-de-rosa Acetinada,250gsm Pink Satin Folder
valeur_1335,250g Dossier Satiné Rouge,50g Dosier satinado Rojo,250g Dossier Satinato rosso,250g Capa Vermelha Acetinada,250gsm Red Satin Folder
valeur_1338,90g Couché Mat,90gr. Estucado Mate,90g Patinata opaca,90g Couché Mate,90gsm Silk Coated
valeur_1340,250g Dossier Satiné Jaune,250g Dosier satinado Amarillo,250 Dossier Satinato Giallo,250g Capa Amarela Acetinada,250gsm Yellow Satin Folder
valeur_1345,90 g Cyclus Offset,90 g Cyclus Offset,90g Cyclus Offset,90g Cyclus Offset,90gsm Cyclus Offset
valeur_1346,100 g cyclus print,100 g cyclus print,100g Cyclus Print,100g cyclus print,100gsm cyclus print
valeur_1348,350 Cyclus Offset,350 Cyclus Offset,350g Cyclus Offset,350 Cyclus Offset,350 Cyclus Offset
valeur_1350,100µ Vinyle Transparent,100µ Vinilo transparente,100µ PVC Trasparente,100µ Vinil Transparente,100µ Transparent vinyl
valeur_1353,170g Yupo Tako,170g Yupo Tako,170g Yupo Tako,170g Yupo Tako,170g Yupo Tako
valeur_1357,135g encapsulé brillant,135g encapsulado brillante,100µ PVC Trasparente,135g encapsulado brilho,135gsm Gloss encapsulated
valeur_1359,140g Polypropylène Satiné,140g Polipropileno satinado,140g Polipropilene Satinato,140g Polypropileno Acetinado,140gsm Satin Polypropylene
valeur_1360,100 g mat,100 gr. mate,100g opaco,100g mate,100gsm silk
valeur_1396,100g Kraft Rouge,100g Kraft Rojo,100g Kraft Rossa,100g Kraft Vermelho,100gsm Red Kraft
valeur_1397,120g Kraft rouge,120g Kraft rojo,120g Kraft Rosso,120g Kraft vermelho,120gsm Red Kraft
valeur_1398,100g Kraft Noir,100g Kraft Negro,100g Kraft Nero,100g Kraft Preto,100gsm Black Kraft
valeur_1399,120g Kraft Noir,120g Kraft Negro,120g Kraft Nero,120g Kraft Preto,120gsm Black Kraft
valeur_1402,80g Offset Bleu,80g Offset Azul,80g Offset Blu,80g Offset Azul,80gsm Offset Blue
valeur_1403,80g Offset Jaune,80g Offset amarillo,80g Offset Giallo,80g Offset Amarelo,80gsm Offset Yellow
valeur_1404,80g Offset Vert,80g Offset Verde,80g Offset Verde,80g Offset Verde,80gsm Offset Green
valeur_1405,Tripli - CB Blanc 80g / CFB Rose 80g / CF Jaune 80g,Tripli - EB Blanco 80g / EFB Rosa 80g / EF Amarillo 80g,Triplice - CB Bianco 80g / CFB Rosa 80g / CF Giallo 80g,Triplo - CB Branco 80g / CFB Rosa 80g / CF Amarelo 80g,Triplicate: 60gsm Top White / 60gsm Middle Pink / 60gsm Bottom Yellow
valeur_1406,Dupli - CB Blanc 80g / CF Jaune 80g,Dupli - EB Blanco 80g / CF Amarillo 80g,Duplice - CB Bianco 80g / CF Giallo 80g,Duplo - CB Branco 80g / CF Amarelo 80g,Duplicate: 80gsm Top White / 80gsm Bottom Yellow
valeur_1408,170g Autocopiant,170g Autocopiativas,170g Autocopiante,170g Autocopiativo,170gsm NCR paper
valeur_1418,110 g offset,110 g offset,110g offset,110 g offset,110gsm uncoated
valeur_1419,Magnet Véhicule,Imán para vehículos,Magnete per Veicoli,IMAN VEICULO,Car magnet
valeur_1434,UK 120gsm Premium Smooth,UK 120gsm Premium Smooth,350g Cyclus Print,UK 120g Premium Smooth,120gsm Premium Smooth
valeur_1439,280g Satin M1,280g Satin M1,280g Satinato M1,280g M1 Acetinado,280g Satin M1
valeur_1441,150g Couché Mat,150g Estucado Mate,150g patinata opaca,150g Couché Mate,150gsm Silk Coated
valeur_1445,172µ Adhésif Aslan translucide 62µ + Support 110µ,172µ Adhesivo Aslan translúcido 62µ + Soporte 110µ,250g Adesiva 170g + Support 80g,172µ Autocolante Aslan translúcido 62µ + Suporte 110µ,250gsm - Adhesive 170gsm + Support 80gsm
valeur_1446,172µ Adhésif Aslan fluo Rouge 62µ + Support 110µ,172µ Adhesivo Aslan fluor 62µ + Soporte 110µ,280g Adesiva 80g + Supporto 200g,172µ Autocolante Aslan fluor 62µ + Suporte 110µ,280gsm - Adhesive 80gsm + Support 200gsm
valeur_1447,172µ Adhésif Aslan dépoli 62µ + Support 110µ,172µ Adhesivo Aslan depoli 62µ + Soporte 110µ,500µ PVC Bianco,172µ Autocolante Aslan depoli 62µ + Suporte 110µ,500µ White PVC
valeur_1448,85 offset,85 offset,85 Offset,85 offset,85 offset
valeur_1485,250 SOL,250 SOL,550µ PVC trasparente,250 SOL,550µ Transparent PVC
valeur_1487,UK 135gsm Trisolv postart paper,UK 135gsm Trisolv postart paper,550µ PVC trasparente,UK 135gsm Trisolv postart paper,135gsm Trisolv postart paper
valeur_1489,UK 440gsm Banner vinyl,UK 440gsm Banner vinyl,550µ PVC trasparente,UK 440gsm Banner vinil,440gsm Banner vinyl
valeur_1491,250 DM,250 DM,285g Curious Translucents,250 DM,230gsm Curious Translucent
valeur_1492,UK 234gsm Polyester Lightblock,UK 234gsm Polyester Lightblock,285g Curious Translucents,UK 234gsm Poliester Lightblock,234gsm Polyester Lightblock
valeur_1495,80g Adhésif Papier Couché Brillant Permanent,80g Adhesivo paper Estucado brillante permanente,80g Adesivo carta permanente patinata lucida,80g Autocolante Papel Couché Brilho Permantente,80g Permanent gloss coated paper
valeur_1496,80g Adhésif Papier Couché Brillant Enlevable,80g Adhesivo paper estucado brillante reposicionable,80g Adesivo carta removibile patinata lucida,80g 80g Autocolante Papel Couché Brilho Lavável,80g Removable gloss coated paper
valeur_1497,90g Adhésif Papier Perlé Gaufré,90g Adhesivo Papel Perlado Gofrado,90g Adesivo carta perlata e goffrata,80g Autocolante Papel Perolado com Relevo,90g Embossed pearlescent paper
valeur_1498,95g Adhésif Papier Aspect Nature,95g Adhesivo Papel Aspecto Natural,95g Adesivo carta effetto naturale,80g Autocolante Papel Aspeto Natureza,95g Uncoated paper
valeur_1499,46g Adhésif Polypropylène Métallisé Argent,46g Adhesivo Polipropileno Metalizado Plata,46g Adesivo Polipropilene argento metallizzato,46g Autocolante Polipropileno Metalizado Prata,46g Polypropylene silver gloss metallic
valeur_1500,58g Adhésif Polypropylène Blanc Brillant,58g Adhesivi Polipropileno Brillante,58g Adesivo Polipropilene bianco lucido,58g Autocolante Polipropileno Branco Brilho,58g Polypropylene gloss white
valeur_1501,54g Adhésif Polypropylène Transparent Brillant,54g Adhesivo Polipropileno Transparente Brillante,54g Adesivo Polipropilene trasparente lucido,54g Autocolante Polipropileno Transparente Brilho,54g Polypropylene gloss transparent
valeur_1505,80g Adhésif Papier Fluo Jaune,80g Adhesivo Papel Amarillo Fluor,80g Adesivo carta giallo fluorescente,80g Autocolante Papel Amarelo Flurescente,80gsm Adhesive paper Fluorescent Yellow
valeur_1508,82g Adhésif Polyéthylène Blanc Mat,82g Adhesivo Polipropileno Blanco Mate,82g Adesivo Polipropilene bianco opaco,82g Autocolante Politileno Branco Mate,82g PE Matt white
valeur_1509,80g Adhésif Papier Couché Gloss Permanent,80g Adhesivo papel Estucado Gloss permanente,80g Adesivo carta permanente patinata lucida,80g Autocolante Papel Couché Gloss Permanente,80g Permanent gloss coated
valeur_1510,70g Adhésif Papier Kraft Brun,70g Adhesivo Papel Kraft marrón,70g Adesivo carta Kraft marrone,70g Autocolante Papel Kraft Castanho,70g Kraft brown paper
valeur_1511,92g Adhésif Polyéthylène Blanc Brillant,92g Adhesivo Polietileno Blanco brillante,92g Adesivo Polipropilene bianco lucido,92g Autocolante Politileno Branco Brilho,92g PE gloss white
valeur_1512,80g Adhésif Papier Velin Thermique,80g Adhesivo papel Velin térmico,80g Adesivo carta velina termica,80g Autocolante Papel Velin Térmico,250gsm Rives Tradition Bright White
valeur_1513,86g Adhésif Polyéthylène Transparent,86g Adhesivo polietileno transparente,86g Adesivo Polipropilene trasparente,86g Autocolante Politileno Transparente,86g PE transparent
valeur_1514,80g Adhésif Papier Couché Brillant Extra Fort,80g Adhesivo papel estucado brillante Extra fuerte,92g Adesivo carta patinata lucida extra forte,80g Autocolante Papel Couché Brilho Extra Forte,250gsm Rives Tradition Bright White
valeur_1515,73g Adhésif Papier Velin,73g Adhesivo papel velin,,73g Autocolante Papel Velin,250gsm Rives Tradition Bright White
valeur_1516,52g Adhésif Synthétique Transparent Clear to Clear,52g Adhesivo sintético transparente claro a claro,250g Rives Design Extra Bianco,52g Autocolante Sitético Transparente Clear to Clear,250gsm Rives Tradition Bright White
valeur_1517,70g Adhésif Papier Velin Tranfert Thermique,70g adhesivo papel velin transferencia térmica,250g Rives Design Extra Bianco,70g Autocolante Papel Velin térmico,250gsm Rives Tradition Bright White
valeur_1518,80g Adhésif Papier Fluo Vert,80g Adhesivo papel Fluor Verde,80g Adesivo carta verde Fluorescente,80g Autocolante Papel Verde flurescente,80gsm Adhesive paper Fluorescent Green
valeur_1519,80g Adhésif Papier Fluo Orange,80g Adhesivo papel Fluor naranja,80g Adeisvo carta Arancione fluorescente,80g Autocolante Papel Laranja flurescente,80gsm Adhesive paper Fluorescent Orange
valeur_1520,80g Adhésif Papier Fluo Rouge,80g Adhesivo papel Fluor rojo,80g Adesivo carta rosso Fluo,80g Autocolante Papel Vermelho flurescente,80gsm Adhesive paper Fluorescent Red
valeur_1527,IT 80g Carta adesiva,80gr. Tarjeta adhesiva,80g carta adesiva,80gr. Cartão autocolante,300gsm Rives Laid Glacier White
valeur_1528,IT 180g TNT,IT 180g TNT,180g TNT,IT 180g TNT,300gsm Rives Laid Glacier White
valeur_1529,172µ Adhésif Aslan fluo Jaune 62µ + Support 110µ,172µ Adhesivo Aslan amarillo fluo 62µ + soporte 110µ,300g Rives Laid Brilliant White,172µ Autocolante Aslan fluorescente Amarelo 62µ + Suporte 110µ,300gsm Rives Laid Glacier White
valeur_1530,172µ Adhésif Aslan fluo Orange 62µ + Support 110µ,172µ Adhesivo Aslan fluor naranja 62µ + soporte 110µ,250g Chromolux Oro,172µ Autocolante Aslan fluorescente Laranja 62µ + Suporte 110µ,250gsm Chromolux Gold
valeur_1535,75g Papier Office Blanc,75g Papel Oficina Blanco,250g Chromolux Oro,75g Papel Office Branco,250gsm Chromolux Gold
valeur_1251,140g cyclus print,140g cyclus print,140g cyclus print,140g cyclus print,140gsm Cyclus Print
valeur_1252,250g Bristol Blanc,250g Bristol Blanco,250g Bristol Bianco,250g Bristol branco,250gsm White Bristol
valeur_1254,300g MAT,300g MATE,300g opaca,300g MATE,300gsm SILK
valeur_1258,80g manager blanc,80g blanco,4 pieghe a fisarmonica (5 ante),80g branco,80gsm manager white
valeur_1384,60µ adhésif indéchirable blanc + contrecollage sur compact,60µ adhesivo irrompible blanco + contracolado sobre compato,Senza,60µ autocolante irrompível branco + contracolado sobre compacto,60µ untearable white adhesive + Pasted-glued on compact
valeur_1552,250g Couché Brillant,250g Estucado Brillante,250g Patinata Lucida,250g Couché Brilho,250gsm Gloss Coated
valeur_1554,350g Bâche microperforée,350g Lona microperforada,350g Banner Microperforato,350g lona microperfurada,350gsm microperforated banner
valeur_1555,510g Bâche PVC M1,650g lona PVC M1,250g Chromolux Chrome,650g Lona PVC M1,650gsm PVC Fire retardant banner
valeur_1562,150g Cyclus Print,150g Cyclus Print,150g Cyclus Print,150g Cyclus Print,300gsm Rives Laid Glacier White
valeur_1574,UK 400gsm Silk Coated,UK 400gsm Silk Coated,250g Chromolux Argento,Cromolux Prata,400gsm Silk Coated (55x85mm)
valeur_1537,UK 430gsm Polyester Lightblock,UK 430gsm Polyester Lightblock,250g Chromolux Oro,Cromolux Ouro,430gsm Polyester Lightblock
valeur_1540,UK 200µ White Floor Vinyl,UK 200µ White Floor Vinyl,250g Chromolux Argento,Cromolux Prata,200µ white floor vinyl
valeur_1541,110g Maille bloquée Ignifugée M2,110g Malla ignífuga M2,250g Chromolux Argento,110 g Tecido à prova de fogo M2,250gsm Chromolux Silver
valeur_1548,110g offset,110g offset,110g offset,110g offset,250gsm Chromolux Silver
valeur_1589,230g Curious translucent,Curious Translúcido 230g,Lucida,Curious Translucents 230g,Gloss
valeur_1596,105g Tivek Jaune Fluo,105g Tivek Fluor amarillo,105g Tivek Giallo Fluo,Tivek Amarelo Fluorescente,105gsm Tivek fluorescent yellow
valeur_1597,250 CYCLUS PRINT,250 CYCLUS PRINT,250 Cyclus Print,250 CYCLUS PRINT,Clear varnish
valeur_1601,300g Blanc Texturé Bois,300g Blanc Textura Madera,300g Bianco Effetto Legno,300g Texturado Madeira,110gsm White Kraft
valeur_1603,250g Chromolux Blanc,250g Chromolux Blanco,250 Chromolux Bianco,250g Chromolux Branco,120gsm White Kraft
valeur_1265,Kibox 10 mm,Kibox 10 mm,Senza,Kibox 10 mm,Kibox 10mm
valeur_1271,190g offset,190g offset,190g offset,190g Offset,190gsm uncoated
valeur_1619,Vinyle adhésif opaque blanc,Tripli - EB Blanco 80g / CFB Blanco 60g / CF Blanco 170g,PVC adesivo bianco opaco,Autocolante vinil opaco branco,Triplicate - 80gsm Top White / 60gsm Middle White / 170gsm Bottom White
valeur_1620,Vinyle adhésif transparent,Tripli - EB Blanco 62g / CFB Rosa 60g / CF Amarillo 62g,PVC adesivo trasparente,Autocolante vinil transparente,Triplicate - 60gsm White / 60gsm Pink / 60gsm Yellow
valeur_1622,600g Gmund Blanc,600g Gmund Blanco,600g Gmund Bianco,Autocolante vinil transparente,600gsm Gmund White
valeur_1632,155g tissu diffusant,155g tela difusa,155g tessuto in poliestere,1 perfuração de 10 mm,600gsm Gmund White
valeur_1649,350g satimat green,350g satimat verde,285g Curious Translucents,Curious Translucents 230g,230gsm Curious Translucent
valeur_1653,"Alu Panel 3,5 mm","Panel aluminio 3,5mm","Alupanel 3,5 mm",Sem,No
valeur_1655,135 Cyclus Print,135 Cyclus Print,135 Cyclus Print,135 Cyclus Print,No
valeur_1669,105g Offset Dos Bleu,Oro,Lamina oro a freddo,Ouro,Cold foiled Gold
valeur_1670,100g couché demi-mat,Plata,Lamina argento a freddo,Prata,Cold foiled Silver
valeur_1674,"Acrylique 1,6 mm",Plata,Lamina argento a freddo,Prata,Cold foiled Silver
valeur_1675,Laiton 2 mm,Plata,Lamina argento a freddo,Prata,Cold foiled Silver
valeur_1676,Plexiglas 3 mm,Plata,Lamina argento a freddo,Prata,Cold foiled Silver
valeur_1714,PVC blanc 19 mm,100g Estucado Brillante,PVC bianco 19 mm,100g Couché Brilho,100gsm Gloss Coated
valeur_1715,PVC noir 19 mm,150g Cyclus Print,PVC nero 19 mm,150g Cyclus Print,150gsm Cyclus Print
valeur_1716,200g Cyclus Offset,90g Opale,PVC bianco 19 mm,90g Opale,90gsm Premium Smooth
valeur_1718,PVC blanc 19 mm,290g Fedrigoni Sirio Color Negro,PVC bianco 19 mm,290g Fedrigoni Sirio Cor Preta,290gsm Fedrigoni Sirio Color Nero
valeur_1720,Gravure blanche,130g Kraft Arme,130g Kraft Armé,130g Kraft Arme,130gsm Reinforced Kraft
valeur_1724,PVC blanc 19 mm,100g Estucado Brillante,PVC bianco 19 mm,100g Couché Brilho,100gsm Gloss Coated
valeur_1725,PVC noir 19 mm,80g Semi Mate,PVC nero 19 mm,80g Semi-Mate,80gsm Silk
valeur_1613,Blanc,Blanco,Bianco,Branco,White
valeur_1614,Effaçable à sec,Blanco,Applicabile a secco,Autocolante vinil opaco branco,Dry erasing
valeur_1615,Spécial sol,Especial suelo,Speciale calpestabile,Especial chão,No
valeur_800,Satin,Satinado,Raso,Acetinado,Silk
valeur_1181,Mat Soft Touch,Mate Soft Touch,Opaca Soft Touch,Mate Soft touch,Matt Soft Touch
valeur_551,Brillant UV,Brillante UV,Lucida UV,UV Brilho,Gloss UV
valeur_552,Satin UV,Satinado UV,Satinata UV,UV Acetinado,Satin UV
valeur_184,Sans,Sin,Senza,Sem,No
valeur_185,Mat,Mate,Opaca,Mate,Matt
valeur_186,Brillant,Brillante,Lucida,Brilho,Gloss
valeur_187,Sans,Sin,Senza,Sem,No
valeur_188,Mat,Mate,Opaca,Mate,Matt
valeur_189,Brillant,Brillante,Lucida,Brilho,Gloss
valeur_1182,Mat Soft Touch,Mate Soft Touch,Opaca Soft Touch,Mate Soft touch,Matt Soft Touch
valeur_1106,Satin UV,Satinado UVI,UV satinato,Acetinado UVI,UV Satin
valeur_798,Sans,Sin,Senza,Sem,No
valeur_1362,Quadri HD,Cuatricromía HD,Quadricromia HD,Quadr. HD,4 colour HD
valeur_1616,Blanc,Blanco,Bianco,Branco,White
valeur_1695,Gravure rouge,Sin,Senza,Sem,No
valeur_1696,Gravure or,Oro,Lamina oro a freddo,Ouro,Cold foiled Gold
valeur_1697,Gravure or mat,Plata,Lamina argento a freddo,Prata,Cold foiled Silver
valeur_1698,Gravure transparente,Sin,Senza,Sem,No
valeur_1699,Gravure noire,Con,Con,Com,Included
valeur_1700,Gravure blanche,690g Kapatex,690g Kapatex,690g Kapatex,690g Kapatex
valeur_1701,Gravure gris alu,160g Offset Reciclado,PVC bianco 19 mm,160g Offset Reciclado,160gsm Recycled Offset
valeur_376,Noir,Negro,Nero,Preto,Black
valeur_318,1 couleur,1 color pantone,1 colore,1 cor Pantone,1 colour
valeur_319,2 couleurs,2 color pantone,2 colori,2 cores Pantone,2 colours
valeur_320,3 couleurs,3 color pantone,3 colori,3 cores Pantone,3 colours
valeur_321,4 couleurs,4 color pantone,4 colori,4 cores Pantone,4 colours
valeur_322,Quadri + blanc,Cuatri. + blanco,Quadricromia + bianco,Quadr. + branco,4 colour + white
valeur_323,5 couleurs,1 color pantone +blanco,5 colori,1 cor Pantone + branco,5 colours
valeur_180,Quadri,Cuatricromía,Quadricromia,Quadricromia,4 colour
valeur_181,Quadri,Cuatricromía,Quadricromia,Quadricromia,4 colour
valeur_238,Noir,Negro,Nero,Preto,Black
valeur_233,Sans,Sin,Senza,Sem,No
valeur_804,2 couleurs,2 colores,2 colori,2 cores,2 colours
valeur_1196,Quadri + blanc,Cuatri. + blanco,Quadricromia + bianco,Quadr. + branco,4 colour + white
valeur_542,1 couleur,1 color pantone,1 colore,1 cor Pantone,1 colour
valeur_974,Mat,Mate,Opaca,Mate,Silk Coated
valeur_194,Sans,Sin,Senza,Sem,No
valeur_195,Acrylique satiné,Acrílico satinado,Acrilico satinato,Acrílico acetinado,Clear varnish
valeur_281,Acrylique mat,Acrílico mate,Acrilico opaco,Acrílico mate,Matt varnish
valeur_282,Acrylique brillant,Acrílico brillante,Acrilico lucido,Acrílico brilho,Gloss varnish
valeur_283,Acrylique mat,Acrílico mate,Acrilico opaco,Acrílico mate,Matt varnish
valeur_284,Acrylique brillant,Acrílico brillante,Acrilico lucido,Acrílico brilho,Gloss varnish
valeur_196,Sans,Sin,Senza,Sem,No
valeur_197,Acrylique satiné,Acrílico satinado,Acrilico satinato,Acrílico acetinado,Clear varnish
valeur_975,Mat,Mate,Opaca,Mate,Silk Coated
valeur_1183,Vernis UV sélectif 3D,Barniz selectivo UV 3D,Vernice UV selettiva 3D,Verniz UV seletivo 3D,3D Spot UV Varnish
valeur_1590,Paillette Or,Purpurina Oro,Paillette Oro,Ouro glitter,320gsm Conqueror CX22 Diamond White Recycled
valeur_1591,Paillette Argent,Purpurina plata,Paillette Argento,Prata glitter,250gsm Rives Tradition Bright White
valeur_198,Sans,Sin,Senza,Sem,No
valeur_199,Avec,Con,Con,Com,Included
valeur_200,Sans,Sin,Senza,Sem,No
valeur_201,Avec,Con,Con,Com,Included
valeur_1592,Paillette Or,Purpurina Oro,Paillette Oro,Ouro glitter,300gsm Rives Laid Glacier White
valeur_1593,Paillette Argent,Purpurina plata,Paillette Argento,Prata glitter,250gsm Chromolux Gold
valeur_1184,Vernis UV sélectif 3D,Barniz selectivo UV 3D,Vernice UV selettiva 3D,Verniz UV seletivo 3D,3D Spot UV Varnish
valeur_1250,Coupe droite vectorielle,Corte recto vectorial,Taglio dritto vettoriale,Carte reto vetorial,Kiss-cut to shape
valeur_1617,Découpe à mi-chair vectorielle,Plata,Mezzotaglio vettoriale,Prata,Cold foiled Silver
valeur_1708,Coupe biseau,225g Estucado Semi-Mate,225g patinata semi-opaca,225g Couché Semi-Mate,225gsm Silk Coated
valeur_214,Maximo,Máximo,Maximo,Máximo,Maximo
valeur_215,Mémo,Memo,Mémo,Memo,Memo
valeur_216,Duo,Duo,Duo,Duo,Duo
valeur_217,Pano,Pano,Pano,Pano,Pano
valeur_218,Trio,Trío,Trio,Trio,Trio
valeur_219,Quatro,Quatro,Quatro,Quatro,Quatro
valeur_220,Exo,Exo,Exo,Exo,Exo
valeur_221,Octo,Octo,Octo,Octo,Octo
valeur_553,Découpe vectorielle,Troquelado vectorial,Taglio vettoriale,Cortante vetorial,To the vector file
valeur_550,Sans,Sin,Senza,Sem,No
valeur_523,Forme originale : outil existant,Forma original: troquel a crear,Formato personalizzato: fustella esistente,Forma original: cortante a criar,Bespoke shape: new cutting tool
valeur_524,Forme originale : outil à créer,Forma original: troquel a crear,Formato personalizzato: fustella da creare,Forma original: cortante a criar,Bespoke shape: new cutting tool
valeur_611,1×4mm,Una,1×4mm,Uma,A 4mm drilled hole
valeur_432,2×4mm,Dos,2×4mm,Dois,2 hole-punches of 4mm
valeur_433,2×4+œ,Dos con ojales,2×4+œ,Dois com ilhós,2 hole-punches of 4mm + eyelet
valeur_434,4×◻,Cuatro (uno en cada ángulo),4×◻,Quatro (um em cada canto),4 holes (1 on each corner)
valeur_435,4×◻+œ,Cuatro con ojales (uno en cada ángulo),4×◻+œ,Quatro com ilhós (um em cada canto),4 holes + eyelet (1 on each corner)
valeur_190,Sans,Sin,Senza,Sem,No
valeur_286,1 perforation de 4 mm + œillet,simple 4 mm con ojal,1 foro da 4 mm + occhiello,simples 4 mm com ilhós,1 4mm hole-punch + eyelet
valeur_287,2 perforations de 4 mm + œillet + lien d'attache,doble 4 mm con ojal + cinta para colgar,2 fori di 4 mm + occhielli + lien d attache,4 mm duplo com ilhós + fita para pendurar,2 4mm hole-punches + eyelets
valeur_1631,1 perforation de 10 mm,1 perforación de 10mm,1 perforazione di 10 mm,1 perfuração de 10 mm,White
valeur_1272,1 perforation de 3 mm,1 peforación de 3 mm,1 peforazione di 3 mm,1 furo de 3 mm,1 hole-punch of 3mm
valeur_1576,1 perforation de 5 mm,1 perforación de 5mm,1 perforazione da 5 mm,1 perfuração de 5 mm,5mm drilled hole
valeur_1577,1 perforation oblongue de 16x3 mm,1 perforación ovalada de 16x3mm,1 perforazione di 16x3 mm,1 perfuração obal de de 16x3 mm,400gsm Silk Coated (55x85mm)
valeur_815,1 crochet de suspension,1 gancho de suspensión,1 gancio di sospensione,1 gancho de suspensão,1 suspension hook
valeur_1120,1 perforation de 6 mm,1 perforación de 6mm,1 foro da 6 mm,1 perfuração de 6mm,A 6mm drilled hole
valeur_769,2 perforations classeur,2 perforaciones carpeta,2 anelli metallici dossier,2 perfurações pasta,2 ring binder
valeur_770,4 perforations classeur,4 perforaciones carpeta,4 anelli metallici dossier,4 perfurações pasta,4 ring binder
valeur_642,Or à chaud,Oro en caliente,Oro a caldo,Ouro a quente,Gold foil blocked
valeur_643,Argent à chaud,Plata en caliente,Argento a caldo,Prata a quente,Silver foil blocked
valeur_165,Sans,Sin,Senza,Sem,No
valeur_166,Or à froid,Oro,Lamina oro a freddo,Ouro,Cold foiled Gold
valeur_167,Argent à froid,Plata,Lamina argento a freddo,Prata,Cold foiled Silver
valeur_192,Offset,Offset,Offset,Offset,Offset
valeur_193,Numérique,Digital,Digitale,Digital,Digital
valeur_414,Flexographie,Flexografía,Flexografia,Flexografia,Flexography
valeur_415,E-SERVICE,E-SERVICE,E-SERVIZIO,E-SERVICE,E-SERVICE
valeur_417,Sublimation,Sublimación,Sublimazione,Sublimação,Dye Sublimation
valeur_418,Rotative,Rotativa,Rotativa,Rotativa,Rotary Press
valeur_676,Numérique / Offset,Digital / Offset,Digitale / Offset,Digital / Offset,Digital / Offset
valeur_353,Sérigraphie,Serigrafía,Serigrafia,Serigrafia,Silkscreen printing
valeur_1623,Typographie,Tipografia,Tipografia,Tipografia,Letterpress
valeur_754,Sans,Sin,Senza,Sem,No
valeur_1668,Numérique jet d'encre,Oro,Digitale getto d'inchiostro,Ouro,Cold foiled Gold
valeur_1704,Gravure laser,110g Kraft Rojo,Incisione laser,110g Kraft Vermelho,110gsm Red Kraft
valeur_1705,Gravure mécanique,110g Kraft Negro,Incisione meccanica,110g Kraft Preto,110gsm Black Kraft
valeur_1658,7RP,7 plegados paralelos (8 palas),7CP,Sem,No
valeur_533,5RP,5 hendidos paralelos (6 palas),5CP,5 vincos paralelos (6 laudas),5 parallel perforations (6 flaps)
valeur_534,6RP,6 hendidos paralelos (7 palas),6CP,6 vincos paralelos (7 laudas),6 parallel perforations (7 flaps)
valeur_535,xRC,X hendidos en cruz: troquel existente,XCXE,X vincos em cruz: cortante existente,X crossed creasings: existing tool
valeur_536,*xRC,X hendidos en cruz: troquel a crear,XCXP,X vincos em cruz: cortante a criar,X crossed creasings: new cutting tool
valeur_241,3RP,tres en portafolio,3CPR,três em portfólio,3 creases (4 panels)
valeur_242,3RA,tres en acordeón,3CF,três em acordeão,3 concertina creases (4 panels)
valeur_243,3RR,tres en cartera,3CA,três envolventes,3 roll fold creases (4 panels)
valeur_244,4RP,cuatro hendidos paralelos,4CP,quatro vincos paralelos,4 parallel creases (5 panels)
valeur_202,1RC,uno central (2 palas),1CC,um central (2 laudas),1 central creasing (2 panels)
valeur_203,1RD,uno descentrado (2 palas),1CD,um vinco descentrado (2 laudas),1 off-centered crease (2 panels)
valeur_204,2RR,dos en cartera (3 palas),2CA,dois envolventes (3 laudas),2 roll fold creases (3 panels)
valeur_205,2RA,dos en acordeón (3 palas),2CF,dois em acordeão (3 laudas),2 concertina creases (3 panels)
valeur_206,2RF,dos en ventana,2CFN,dois em janela,2 gate fold creases (3 panels)
valeur_246,Sans,Sin,Senza,Sem,No
valeur_255,|||,tres,3pret |||,três,3 parallel perforations
valeur_249,Sans,Sin,Senza,Sem,No
valeur_207,1…,1 pre-troquel,1pret,uma,1 perforation
valeur_208,2…,dos paralelos,2pret |||,dois paralelos,2 parallel perforations
valeur_526,4…,4 pretroquelados paralelos,4pret |||,4 pré-cortados paralelos,4 parallel perforations
valeur_527,5…,5 pretroquelados paralelos,5pret |||,5 pré-cortados paralelos,5 parallel perforations
valeur_529,X…N,X pretroquelados cruzados: troquel a crear,XpretP,X pré-cortados cruzados: cortante a criar,X perforations: new cutting tool
valeur_530,X…E,X pretroquelados cruzados: troquel existente,XpretE,X pré-cortados cruzados: cortante existente,X perforations: existing tool
valeur_1581,1…,1 pre-troquel,1pret,1 pré-cortado,1 perforated line
valeur_1551,0,perpendiculares,┴,perpendiculares,250gsm Chromolux Chrome
valeur_210,Sans,Sin,Senza,Sem,No
valeur_211,Avec,Con,Con,Com,Included
valeur_248,1PC,Un,1PC,Um,4pp
valeur_258,4PA,cuatro,2PF,quatro,10pp concertina fold
valeur_259,5PA,cinco,5PF,cinco,12pp concertina fold
valeur_252,2PR,dos en cartera,2PA,dois envolventes,6pp roll fold
valeur_254,3PR,tres,3PA,três,8pp roll fold
valeur_245,Sans,Sin,Senza,Sem,No
valeur_563,1+2PA,1 pliegue + 2 pliegues acordeón (6 palas),1P+2PF,1 dobra + 2 dobras acordeão (6 laudas),1 fold + 2 concertina folds (12pp)
valeur_564,1+2PR,1 pliegue + 2 pliegues cartera (6 palas),1P+2PA,1 dobra + 2 dobras envolventes (6 laudas),1 fold + 2 rolled folds (12pp)
valeur_565,1+3PA,1 pliegue + 3 pliegues acordeón (8 palas),1P+3PF,1 dobra + 3 dobras acordeão (8 laudas),1 fold + 3 concertina folds (16pp)
valeur_566,1+3PR,1 pliegue + 3 pliegues cartera (8 palas),1P+3PA,1 dobra + 2 dobras acordeão (8 laudas),1 fold + 3 rolled folds (16pp)
valeur_567,2PA+2PR,2 pliegues acordeón + 2 pliegues cartera (9 palas),2PF+2PA,1 dobra + 2 dobras acordeão (9 laudas),2 concertina folds + 2 rolled folds
valeur_568,3PA+2PR,3 pliegues acordeón + 2 pliegues cartera (12 palas),3PF+2PA,3 dobras acordeão + 2 dobras envolventes (12 laudas),3 concertina folds + 2 rolled folds
valeur_503,3PA,3 pliegues acordeón (4 palas),3PF,3 dobras acordeão (4 laudas),8pp concertina fold
valeur_504,3PA+1PC,3 pliegues acordeón + 1 pliegue en cruz (8 palas),3PF+1PX,3 dobras acordeão + 1 dobra em cruz (8 laudas),3 concertina folds + 1 crossed fold
valeur_450,2PA,dos acordeón,2PF,dois acordeão,6pp concertina
valeur_451,2PF,dos ventana,2PFN,dois janela,6pp gate fold
valeur_511,2PA+1PC,2 pliegues acordeón + 1 pliegue en cruz (6 palas),2PF+1PX,2 dobras acordeão + 1 dobra em cruz (6 laudas),2 concertina folds + 1 crossed fold (12pp)
valeur_484,3PP,tres en portafolio (4 palas),3PP,três em portfólio (4 laudas),8pp gate fold
valeur_485,1PD,uno descentrado (2 palas),1PD,uma dobra descentrada(2 laudas),4pp off centred fold
valeur_486,6PA,seis acordeón (7 palas),6PF,seis acordeão (7 laudas),14pp concertina folds
valeur_487,4PA+1PC,cuatro acordeón + uno en cruz,4PF+1PX,quatro acordeão + um em cruz,4 concertina folds + 1 crossed fold
valeur_488,4PA+2PR,cuatro acordeón + 2 en cartera,4PF+2PA,quatro acordeão + 2 envolventes,4 concertina folds + 2 roll folds
valeur_489,5PA+1PC,cinco acordeón + uno en cruz,5PF+1PX,cinco acordeão + um em cruz,5 concertina folds + 1 cross fold
valeur_490,5PA+2PR,cinco acordeón + 2 cartera,5PF+2PA,cinco acordeão + 2 envolventes,5 concertina folds + 2 roll folds
valeur_491,2PECO,dos económicos (4 palas),2PECO,dois económicos (4 laudas),8pp
valeur_492,2PC,dos en cruz (8 páginas),2PX,dois em cruz (8 páginas),2 crossed folds (8 pages)
valeur_493,3PC,tres cruzados (16 páginas),3PX,três cruzados (16 páginas),3 crossed folds (16 pages)
valeur_1264,6PA+2PR,6 pliegues acordeón + 2 pliegues envolventes,6PF+2PA,6 dobras acordeão + 2 dobras envolventes,6 concertina folds + 2 roll folds
valeur_1657,7PA,7 pliegues acordeón (8 palas),7PF,Sem,No
valeur_825,6PA+1PC,6 pliegues acordeón + 1 cruz,6PF+1PX,6 dobrs acordeão + 1 cruz,6 concertina folds + 1 cross fold
valeur_1536,Multi-plis plan,Multi-plis plano,Multi piega steso,Multi-plis plano,multi folded map
valeur_1721,PVC blanc 19 mm,100µ Vinilo Blanco Puesta fácil,PVC bianco 19 mm,100µ Vinil Branco Colocação fácil,100µ White Vinyl - easy application
valeur_1722,350g offset,350g offset,350g offset,350g offset,350gsm Uncoated
valeur_1723,90g Kraft Blanc,90g Kraft Blanco,90g Kraft bianca,90g Kraft Branco,90gsm White Kraft
valeur_1392,Collerette bouteille,Collarín de botella,Collarino per bottiglie,Gargantilha para garrafa,Bottle label
valeur_1393,"PLV de table 10 x 15 x 7,2 cm","PLV de mesa 10 x 15 x 7,2 cm","Segnaposto da tavola 10 x 15 x 7,2 cm","PLV de mesa 10 x 15 x 7,2 cm",Showcards 100 x 150 x 72mm
valeur_1394,PLV de table 15 x 13 x 13 cm,PLV de mesa 15 x 13 x 13 cm,Segnaposto da tavola 15 x 13 x 13 cm,PLV de mesa 15 x 13 x 13 cm,Showcards 150 x 130 x 130mm
valeur_496,Porte addition,Porta Cuentas,Porta conto,Porta-contas,Bill presenter
valeur_497,Rond de serviette,Servilletero,Fascette portatovaglioli,Porta-guardanapos,Napkin rings
valeur_498,Pochette CD,Funda CD,Custodia CD,Envelope CD,CD Walet
valeur_512,Etoile,Estrella,Stella,Estrela,Star
valeur_513,Rond,Círculo,Rotondo,Círculo,Circle
valeur_514,Nuage,Nube,Nuvola,Nuvem,Cloud
valeur_515,Coeur,Corazón,Cuore,Coração,Heart
valeur_516,Pancarte de porte,Picaporte,Cartellino da porta,Trava,Door hanger
valeur_517,Bulle,Burbuja,Fumetto,Bolha,Bubble
valeur_518,Moule à gâteau,Molde de pastel,Centrino,Molde de bolo,Cutting forms
valeur_519,Forme originale : outil à créer,Forma original: troquel a crear,Formato personalizzato: fustella da creare,Forma original: cortante a criar,Bespoke shape: new cutting tool
valeur_522,Coins ronds,Cantos redondeados,Angoli arrotondati,Cantos arredondados,Round corners
valeur_560,Bouddha,Buda,Bouddha,Buda,Buddha
valeur_309,Sans,Sin,Senza,Sem,No
valeur_329,Forme originale : outil existant,A la forma original,Formato personalizzato: fustella esistente,Com forma original,Existing tool
valeur_260,Chemise 2 volets - Simple Rainage - Sans encoche,plantilla en hendido simple sin ranura,Cartellina 2 ante - cordonatura semplice - senza intaglio,molde de vinco simples sem ranhura,4pp non capacity folder
valeur_261,"Chemise 2 volets - Simple Rainage - Encoches avec entraxe 5,4 cm",plantilla en hendido simple con ranura tarjeta de visita vertical,Cartellina 2 ante - cordonatura semplice - intagli verticali,molde de vinco simples com ranhura cartão comercial vertical,4pp non capacity folder with portrait b/card slits
valeur_262,"Chemise 2 volets - Simple Rainage - Encoches avec entraxe 8,5 cm",plantilla en hendido simple con ranura tarjeta de visita horizontal,Cartellina 2 ante - cordonatura semplice - intagli orizzontali,molde de vinco simples com ranhura cartão comercial horizontal,4pp non capacity folder with landscape b/card slits
valeur_263,Chemise 2 volets - Double Rainage - Sans encoche,plantilla doble hendido sin ranura,Cartellina 2 ante - cordonatura doppia - senza intaglio,molde vinco duplo sem ranhura,4pp capacity folder - no slits
valeur_264,"Chemise 2 volets - Double Rainage - Encoches avec entraxe 5,4 cm",plantilla doble hendido con ranura tarjeta de visita vertical,Cartelline 2 ante - doppia cordonatura - intagli verticali,molde vinco duplo com ranhura cartão comercial vertical,4pp capacity folder with portrait b/card slits
valeur_265,"Chemise 2 volets - Double Rainage - Encoches avec entraxe 8,5 cm",plantilla doble hendido con ranura tarjeta de visita horizontal,Cartellina 2 ante - doppia cordonatura - intagli orizzontali,molde vinco duplo com ranhura cartão comercial horizontal,4pp capacity folder with landscape b/card slits
valeur_267,Chemise 3 volets - Simple Rainage - Latéral - Sans encoche,Hendido simple solapa en pie + lateral sin ranura,Cartellina 3 ante - cordonatura semplice - laterale - senza intaglio,Vinco simples com aba abaixo + lado sem ranhura,6pp non capacity folder - no slits
valeur_268,"Chemise 3 volets - Simple Rainage - Latéral - Encoches avec entraxe 5,4 cm",Hendido simple solapa en pie + lateral tarjeta de visita vertical,Cartellina 3 ante - cordonatura semplice - laterale - intagli verticali,Vinco simples com aba abaixo + lado cartão comercial vertical,6pp non capacity folder with portrait b/card slits
valeur_269,"Chemise 3 volets - Simple Rainage - Latéral - Encoches avec entraxe 8,5 cm",Hendido simple solapa en pie + lateral con ranura tarjeta de visita horizontal,Cartellina 3 ante - cordonatura semplice - laterale - intagli orizzontali,Vinco simples com aba abaixo + lado cartão comercial horizontal,6pp non capacity folder with landscape b/card slits
valeur_270,Chemise 3 volets - Double Rainage - Latéral - Sans encoche,Doble hendido solapa en pie + lateral sin ranura,Cartellina 3 ante - doppia cordonatura - laterale - senza intaglio,Vinco duplo com aba abaixo + lado sem ranhura,6pp capacity folder - no slits
valeur_271,"Chemise 3 volets - Double Rainage - Latéral - Encoches avec entraxe 5,4 cm",Doble hendido solapa en pie + lateral tarjeta de visita vertical,Cartellina 3 ante - doppia cordonatura - laterale - intagli verticali,Vinco duplo aba abaixo + lado cartão comercial vertical,6pp capacity folder with portrait b/card slits
valeur_272,"Chemise 3 volets - Double Rainage - Latéral - Encoches avec entraxe 8,5 cm",Doble hendido solapa en pie + lateral con ranura tarjeta de visita horizontal,Cartellina 3 ante - doppia cordonatura - laterale - intagli orizzontali,Vinco duplo aba abaixo + lado com ranhura cartão comercial vertical,6pp capacity folder with landscape b/card slits
valeur_273,Chemise 3 volets - Simple Rainage - Central - Sans encoche,Hendido simple solapa central en pie,Cartellina 3 ante - cordonatura semplice - centrale - senza intaglio,Vinco simples com aba central abaixo,6pp non capacity folder - no slits
valeur_274,"Chemise 3 volets - Simple Rainage - Central - Encoches avec entracte 5,4 cm","Hendido simple solapa central en pie, tarjeta de visita vertical",Cartellina 3 ante - cordonatura semplice - centrale - intagli verticali,"Vinco simples aba central abaixo, cartão comercial vertical",6pp non capacity folder with portrait b/card slits
valeur_275,"Chemise 3 volets - Simple Rainage - Central - Encoches avec entraxe 8,5 cm",Hendido simple solapa central en pie con ranura tarjeta de visita horizontal,Cartellina 3 ante - cordonatura semplice - centrale - intagli orizzontali,Vinco simples aba central abaixo com ranhura cartão comercial horizontal,6pp non capacity folder with landscape b/card slits
valeur_276,Chemise 3 volets - Double Rainage - Central - Sans encoche,doble hendido solapa central en pie,Cartellina 3 ante - doppia cordonatura - centrale - senza intagli,vinco duplo com aba central abaixo,6pp capacity folder - no slits
valeur_277,"Chemise 3 volets - Double Rainage - Central - Encoches avec entraxe 5,4 cm",Doble hendido solapa central en pie tarjeta de visita vertical,Cartellina 3 ante - cordonatura doppia - centrale - intagli verticali,Vinco duplo com aba central abaixo cartão comercial vertical,6pp capacity folder with portrait b/card slits
valeur_278,"Chemise 3 volets - Double Rainage - Central - Encoches avec entraxe 8,5 cm",Doble hendido solapa central en pie con ranura tarjeta de visita horizontal,Chemise 3 volets - Double Rainage - Central - Encoches horizontales,Vinco duplo aba central abaixo com ranhura cartão comercial horizontal,6pp capacity folder with landscape b/card slits
valeur_470,En tête,En cabecera,In testa,No cabeçalho,Heading
valeur_471,En pied,En pié,Al piede,No rodapé,Footer
valeur_472,A droite,A la derecha,A destra,À direita,To the right
valeur_473,A gauche,A la izquierda,A sinistra,À esquerda,To the left
valeur_621,Petit côté,Lado corto,Lato corto,Lado curto,Short edge
valeur_771,Grand côté,lado mayor,lato corto,lado grande,Long edge
valeur_744,Sans,Sin,Senza,Sem,No
valeur_733,Scellée,Sellada,sigillata,Selada,Sealed
valeur_734,Non scellée,No sellada,non sigillata,Não selada,Not sealed